[
  {
    "title": "A Book",
    "imageUrl": "https://macmillan-dam.captureweb.co.uk/cdn/macmillan/previews/439664/d2600cec4c0f09bf8e6187a83a066343/0/14665546cf5662d409143d004ffc0c54/131898933.jpg",
    "description": "20.99",
    "price": "An awesome book"
  },
  {
    "title": "B Book",
    "imageUrl": "https://macmillan-dam.captureweb.co.uk/cdn/macmillan/previews/439664/d2600cec4c0f09bf8e6187a83a066343/0/14665546cf5662d409143d004ffc0c54/131898933.jpg",
    "description": "11.11",
    "price": "afafafa"
  },
  {
    "title": "C Book",
    "imageUrl": "https://macmillan-dam.captureweb.co.uk/cdn/macmillan/previews/439664/d2600cec4c0f09bf8e6187a83a066343/0/14665546cf5662d409143d004ffc0c54/131898933.jpg",
    "description": "afaf fsfa ffdf dffdf ",
    "price": "12.99"
  }
]
